bsz,kv_length,Cache_Size,Mean,Median,P25,P75
32,100,65536000,0.00023193790832350608,0.00023154402151703835,0.00023082410916686058,0.00023246370255947113
32,251,164495360,0.0005162543653240127,0.0005140891298651695,0.0005129589699208736,0.000515609048306942
32,630,412876800,0.0013354531982329204,0.0013238131068646908,0.0013219928368926048,0.001325815450400114
32,1584,1038090240,0.003069387380307986,0.0030677132308483124,0.0030646478990092874,0.0030713160522282124
32,3981,2608988160,0.008136002473699732,0.008122015977278352,0.008117965888231993,0.008126749540679157
32,10000,6553600000,0.01915582085826567,0.019143303390592337,0.019133702851831913,0.01915456261485815
32,25118,16461332480,0.04953060798892161,0.04943305905908346,0.04942135885357857,0.0494481991045177
32,63095,41349939200,0.1260264737647958,0.12506041885353625,0.12485139991622418,0.12538184726145118
