bsz,kv_length,Cache_Size,Mean,Median,P25,P75
32,100,3276800,0.00026134180752532504,0.0002588951028883457,0.0002581542357802391,0.0002597849816083908
32,251,8224768,0.0005064287920824335,0.0005043090786784887,0.000502878800034523,0.0005065780133008957
32,630,20643840,0.0011446498338670151,0.0011413651518523693,0.0011395500041544437,0.0011434099869802594
32,1584,51904512,0.0027016200384127626,0.0027008671313524246,0.002698577009141445,0.0027031470090150833
32,3981,130449408,0.006718971758718359,0.006715310970321298,0.006711449706926942,0.00671985384542495
32,10000,327680000,0.016815919202102833,0.016802302096039057,0.0167894521728158,0.0168476530816406
32,25118,823066624,0.04223417676985264,0.04221383947879076,0.04219310299959034,0.042268682387657464
32,63095,2067496960,0.1065171979318716,0.10591307235881686,0.10582970129325986,0.1074911393225193
