bsz,kv_length,Cache_Size,Mean,Median,P25,P75
32,100,3276800,0.0007141102402963433,0.0007123332470655441,0.0007111723534762859,0.0007139015942811966
32,251,8224768,0.0007593804935379493,0.0007559328805655241,0.0007547056302428246,0.0007576830685138702
32,630,20643840,0.000808175653783661,0.0008017239160835743,0.0008003842085599899,0.0008034589700400829
32,1584,51904512,0.0009498160327134649,0.0009402669966220856,0.0009386993478983641,0.0009421267313882709
32,3981,130449408,0.001562972659303341,0.0015502767637372017,0.0015480369329452515,0.001552267000079155
32,10000,327680000,0.0020970826347668967,0.002085911575704813,0.0020837089978158474,0.0020884608384221792
32,25118,823066624,0.004752774988334281,0.004720891825854778,0.004717112053185701,0.0047254119999706745
32,63095,2067496960,0.013478626072056741,0.013407084159553051,0.013397582806646824,0.013421653304249048
